"Brand";"Product";"Language";"URL";"LP value";"Beginning";"End";"Added";"Author";"GTmetrix PageSpeed";"GTmetrix YSlow";"Status";"Redirection";"AMP"
"netbet.it";"Casino";"it-IT";"https://go.netbet.it/casino/?lp=1000bonus";"1000bonus";"2018-03-07 00:00";;"2018-03-07";"Kamala";"1";"1";"Enabled";;"No"
"netbet.it";"Casino";"it-IT";"https://go.netbet.it/casino/?lp=100fs";"100fs";"2019-03-13 00:00";;"2019-03-13";"Sarder";"1";"1";"Enabled";;"No"
"netbet.it";"Casino";"it-IT";"https://go.netbet.it/casino/?lp=10euro";"10euro";"2019-05-14 00:01";;"2019-05-14";"Cristian Pasca";"1";"1";"Enabled";;"No"
"netbet.it";"Casino";"it-IT";"https://go.netbet.it/casino/?lp=10gratis";"10gratis";;"2018-03-14 00:00";"2016-06-30";"N/A";"1";"1";"Expired";"https://go.netbet.it/casino/?lp=documento";"No"
"netbet.it";"Casino";"it-IT";"https://go.netbet.it/casino/?lp=10netbet";"10netbet";"2021-07-15 00:01";;"2021-07-15";"Emil Logofatu";"1";"1";"Enabled";;"No"
"netbet.it";"Casino";"it-IT";"https://go.netbet.it/casino/?lp=110fs";"110fs";"2019-08-28 00:01";;"2019-08-28";"Cristian Pasca";"1";"1";"Enabled";;"No"
"netbet.it";"Casino";"it-IT";"https://go.netbet.it/casino/?lp=130fs";"130fs";"2019-08-28 00:01";;"2019-08-28";"Cristian Pasca";"1";"1";"Enabled";;"No"
"netbet.it";"Casino";"it-IT";"https://go.netbet.it/casino/?lp=1dep600";"1dep600";"2021-07-15 00:01";"2022-10-08 05:05";"2021-07-15";"Marian Iordache";"1";"1";"Expired";"https://go.netbet.it/casino/";"No"
"netbet.it";"Casino";"it-IT";"https://go.netbet.it/casino/?lp=2kcasino";"2kcasino";"2023-06-18 10:00";;"2023-06-19";"Marian Iordache";"1";"1";"Enabled";;"No"
"netbet.it";"Casino";"it-IT";"https://go.netbet.it/casino/?lp=2knetbet";"2knetbet";"2021-10-25 00:01";;"2021-10-25";"Emil Logofatu";"1";"1";"Enabled";;"No"
"netbet.it";"Casino";"it-IT";"https://go.netbet.it/casino/?lp=50600bonus";"50600bonus";"2021-07-15 00:01";;"2021-07-15";"Emil Logofatu";"1";"1";"Enabled";;"No"
"netbet.it";"Casino";"it-IT";"https://go.netbet.it/casino/?lp=50bonus";"50bonus";"2019-10-14 00:01";;"2019-10-14";"Cristian Pasca";"1";"1";"Enabled";;"No"
"netbet.it";"Sport";"it-IT";"https://go.netbet.it/sport/?lp=50free-new";"50free-new";"2017-07-01 00:00";"2018-06-28 00:00";"2017-09-18";"Nathi";"93";"79";"Expired";"https://go.netbet.it/sport/?lp=bonus-benvenuto-2020";"No"
"netbet.it";"Casino";"it-IT";"https://go.netbet.it/casino/?lp=50giri";"50giri";"2021-10-25 00:01";;"2021-10-25";"Emil Logofatu";"1";"1";"Enabled";;"No"
"netbet.it";"Casino";"it-IT";"https://go.netbet.it/casino/?lp=50netbet";"50netbet";"2021-07-15 00:01";;"2021-07-15";"Alex Constantinescu";"1";"1";"Enabled";;"No"
"netbet.it";"Casino";"it-IT";"https://go.netbet.it/casino/?lp=600bonus";"600bonus";"2020-06-09 00:00";;"2020-06-09";"Cristian Pasca";"1";"1";"Enabled";;"No"
"netbet.it";"Casino";"it-IT";"https://go.netbet.it/casino/?lp=affibet";"affibet";"2021-11-12 00:01";;"2021-11-12";"Emil Logofatu";"1";"1";"Enabled";;"No"
"netbet.it";"Casino";"it-IT";"https://go.netbet.it/casino/?lp=alice-adv";"alice-adv";;;"2016-06-30";"N/A";"1";"1";"Enabled";;"No"
"netbet.it";"Casino";"it-IT";"https://go.netbet.it/casino/?lp=aliens";"aliens";;"2018-06-28 00:00";"2016-06-30";"N/A";"1";"1";"Expired";"https://go.netbet.it/casino/";"No"
"netbet.it";"Sport";"it-IT";"https://go.netbet.it/sport/?lp=argmex";"argmex";"2022-11-23 00:01";"2022-12-12 00:01";"2022-11-23";"Emil Logofatu";"1";"1";"Expired";"https://go.netbet.it/sport/";"No"
"netbet.it";"Casino";"it-IT";"https://go.netbet.it/casino/?lp=assocasino";"assocasino";"2024-03-21 00:00";;"2024-03-21";"Marian Iordache";"1";"1";"Enabled";;"No"
"netbet.it";"Sport";"it-IT";"https://go.netbet.it/sport/?lp=assosport";"assosport";"2024-03-21 00:00";;"2024-03-21";"Marian Iordache";"1";"1";"Enabled";;"No"
"netbet.it";"Casino";"it-IT";"https://go.netbet.it/casino/?lp=aura";"aura";"2021-09-17 00:01";;"2021-09-17";"Emil Logofatu";"1";"1";"Enabled";;"No"
"netbet.it";"Casino";"it-IT";"https://go.netbet.it/casino/?lp=aura500";"aura500";"2023-06-05 10:00";;"2023-07-06";"Marian Iordache";"1";"1";"Enabled";;"No"
"netbet.it";"Casino";"it-IT";"https://go.netbet.it/casino/?lp=aviatornb";"aviatornb";"2022-04-29 00:01";;"2022-04-29";"Emil Logofatu";"1";"1";"Enabled";;"No"
"netbet.it";"Sport";"it-IT";"https://go.netbet.it/sport/?lp=barpar";"barpar";"2024-04-11 00:00";;"2024-04-12";"Marian Iordache";"1";"1";"Enabled";;"No"
"netbet.it";"Sport";"it-IT";"https://go.netbet.it/sport/?lp=baylaz";"baylaz";"2024-02-14 00:00";;"2024-03-01";"Marian Iordache";"1";"1";"Enabled";;"No"
"netbet.it";"Sport";"it-IT";"https://go.netbet.it/sport/?lp=beint";"beint";"2023-04-03 01:01";;"2023-04-05";"Marian Iordache";"1";"1";"Enabled";;"No"
"netbet.it";"Sport";"it-IT";"https://go.netbet.it/sport/?lp=benvenuto2022";"benvenuto2022";"2022-06-07 00:01";;"2022-06-07";"Emil Logofatu";"1";"1";"Enabled";;"No"
"netbet.it";"Sport";"it-IT";"https://go.netbet.it/sport/?lp=benvenuto2022-new";"benvenuto2022-new";"2022-11-03 00:01";;"2022-11-03";"Emil Logofatu";"1";"1";"Enabled";;"No"
"netbet.it";"Casino";"it-IT";"https://go.netbet.it/casino/?lp=best200";"best200";"2023-03-03 00:01";;"2023-03-03";"Emil Logofatu";"1";"1";"Enabled";;"No"
"netbet.it";"Casino";"it-IT";"https://go.netbet.it/casino/?lp=betcalcio";"betcalcio";"2022-06-10 00:01";;"2022-06-10";"Emil Logofatu";"1";"1";"Enabled";;"No"
"netbet.it";"Casino";"it-IT";"https://go.netbet.it/casino/?lp=betvip";"betvip";"2021-12-06 00:01";;"2021-12-06";"Emil Logofatu";"1";"1";"Enabled";;"No"
"netbet.it";"Casino";"it-IT";"https://go.netbet.it/casino/?lp=blackjack";"blackjack";;"2018-06-28 00:00";"2016-06-30";"N/A";"1";"1";"Expired";"https://go.netbet.it/casino/";"No"
"netbet.it";"Casino";"it-IT";"https://go.netbet.it/casino/?lp=bonus-auraweb";"bonus-auraweb";;"2018-06-28 00:00";"2016-06-30";"N/A";"1";"1";"Expired";"https://go.netbet.it/casino/";"No"
"netbet.it";"Sport";"it";"https://go.netbet.it/sport/?lp=bonus-benvenuto&lang=it";"bonus-benvenuto";"2020-01-20 00:00";"2020-08-19 00:01";"2020-01-20";"N/A";"1";"1";"Expired";"https://go.netbet.it/sport/?lp=bonus-benvenuto-2020";"No"
"netbet.it";"Sport";"it-IT";"https://go.netbet.it/sport/?lp=bonus-benvenuto-2020";"bonus-benvenuto-2020";"2020-08-19 00:01";;"2020-08-19";"Emil Logofatu";"1";"1";"Enabled";;"No"
"netbet.it";"Casino";"it-IT";"https://go.netbet.it/casino/?lp=bonus-casino2k";"bonus-casino2k";;"2018-06-28 00:00";"2016-06-30";"N/A";"1";"1";"Expired";"https://go.netbet.it/casino/";"No"
"netbet.it";"Casino";"it-IT";"https://go.netbet.it/casino/?lp=bonus-casinoinrete";"bonus-casinoinrete";;"2018-06-28 00:00";"2016-06-30";"N/A";"1";"1";"Expired";"https://go.netbet.it/casino/";"No"
"netbet.it";"Casino";"it-IT";"https://go.netbet.it/casino/?lp=bonus-esclusivi";"bonus-esclusivi";;"2018-06-28 00:00";"2016-06-30";"N/A";"1";"1";"Expired";"https://go.netbet.it/casino/";"No"
"netbet.it";"Sport";"it-IT";"https://go.netbet.it/sport/?lp=bonus-social";"bonus-social";"2018-07-25 23:00";"2020-08-19 00:01";"2018-07-20";"Kamala";"1";"1";"Expired";"https://go.netbet.it/sport/?lp=bonus-benvenuto-2020";"No"
"netbet.it";"Sport";"it-IT";"https://go.netbet.it/sport/?lp=bonusport-benvenuto";"bonusport-benvenuto";"2018-06-21 00:00";"2020-08-19 00:01";"2018-06-21";"N/A";"1";"1";"Expired";"https://go.netbet.it/sport/?lp=bonus-benvenuto-2020";"No"
"netbet.it";"Casino";"it-IT";"https://go.netbet.it/casino/?lp=bookvip";"bookvip";"2023-10-12 00:01";;"2023-10-12";"Emil Logofatu";"1";"1";"Enabled";;"No"
"netbet.it";"Casino";"it-IT";"https://go.netbet.it/casino/?lp=casino-xmas";"casino-xmas";"2017-11-29 00:00";"2017-12-31 23:59";"2017-11-29";"N/A";"80";"90";"Expired";"https://go.netbet.it/casino/";"No"
"netbet.it";"Casino";"it-IT";"https://go.netbet.it/casino/?lp=casino200";"casino200";"2024-03-01 00:00";;"2024-03-04";"Marian Iordache";"1";"1";"Enabled";;"No"
"netbet.it";"Casino";"it-IT";"https://go.netbet.it/casino/?lp=casinosicuri";"casinosicuri";"2021-11-12 00:01";;"2021-11-12";"Emil Logofatu";"1";"1";"Enabled";;"No"
"netbet.it";"Casino";"it-IT";"https://go.netbet.it/casino/?lp=casinosulweb";"casinosulweb";"2023-12-15 00:01";;"2023-12-15";"Emil Logofatu";"1";"1";"Enabled";;"No"
"netbet.it";"Casino";"it-IT";"https://go.netbet.it/casino/?lp=ci200";"ci200";"2023-07-18 00:01";;"2023-07-18";"Emil Logofatu";"1";"1";"Enabled";;"No"
"netbet.it";"Sport";"it-IT";"https://go.netbet.it/sport/?lp=cityreal";"cityreal";"2024-04-11 00:00";;"2024-04-12";"Marian Iordache";"1";"1";"Enabled";;"No"
"netbet.it";"Casino";"it-IT";"https://go.netbet.it/casino/?lp=clnb20";"clnb20";"2021-09-16 00:01";;"2021-09-16";"Emil Logofatu";"1";"1";"Enabled";;"No"
"netbet.it";"Casino";"it-IT";"https://go.netbet.it/casino/?lp=con-10-gratis";"con-10-gratis";;"2018-06-26 00:00";"2016-06-30";"N/A";"1";"1";"Expired";"https://go.netbet.it/casino/";"No"
"netbet.it";"Casino";"it-IT";"https://go.netbet.it/casino/?lp=da-vinci-diamonds";"da-vinci-diamonds";;;"2016-06-30";"N/A";"1";"1";"Enabled";;"No"
"netbet.it";"Sport";"it-IT";"https://go.netbet.it/sport/?lp=denlak";"denlak";"2023-05-22 00:01";;"2023-05-19";"Emil Logofatu";"1";"1";"Enabled";;"No"
"netbet.it";"Casino";"it-IT";"https://go.netbet.it/casino/?lp=disco-spins";"disco-spins";;"2018-06-28 00:00";"2016-06-30";"N/A";"1";"1";"Expired";"https://go.netbet.it/casino/";"No"
"netbet.it";"Casino";"it-IT";"https://go.netbet.it/casino/?lp=documento";"documento";"2018-03-09 00:00";;"2018-03-09";"N/A";"1";"1";"Enabled";;"No"
"netbet.it";"Casino";"it-IT";"https://go.netbet.it/casino/?lp=dungeons-dragons";"dungeons-dragons";;"2018-06-01 00:00";"2016-06-30";"N/A";"1";"1";"Expired";"https://go.netbet.it/casino/";"No"
"netbet.it";"Sport";"it-IT";"https://go.netbet.it/sport/?lp=elrom";"elrom";"2023-05-29 00:01";;"2023-05-26";"Emil Logofatu";"1";"1";"Enabled";;"No"
"netbet.it";"Sport";"it-IT";"https://go.netbet.it/sport/?lp=eu20";"eu20";"2021-05-18 00:01";"2021-07-14 00:01";"2021-05-18";"Emil Logofatu";"1";"1";"Expired";"https://go.netbet.it/sport/";"No"
"netbet.it";"Sport";"it-IT";"https://go.netbet.it/sport/?lp=european-football";"european-football";;"2018-01-01 00:00";"2016-06-30";"N/A";"80";"90";"Expired";"https://go.netbet.it/sport/?lp=bonus-benvenuto-2020";"No"
"netbet.it";"Casino";"it-IT";"https://go.netbet.it/casino/?lp=ex10";"ex10";"2021-10-12 00:01";;"2021-10-12";"Emil Logofatu";"1";"1";"Enabled";;"No"
"netbet.it";"Sport";"it-IT";"https://go.netbet.it/sport/?lp=FAMILY30";"FAMILY30";"2023-04-12 00:01";;"2023-04-12";"Emil Logofatu";"1";"1";"Enabled";;"No"
"netbet.it";"Sport";"it-IT";"https://go.netbet.it/sport/?lp=ficonf";"ficonf";"2023-05-29 00:01";;"2023-05-26";"Emil Logofatu";"1";"1";"Enabled";;"No"
"netbet.it";"Sport";"it-IT";"https://go.netbet.it/sport/?lp=finale";"finale";"2022-12-15 00:01";;"2022-12-15";"Emil Logofatu";"1";"1";"Enabled";;"No"
"netbet.it";"Casino";"it-IT";"https://go.netbet.it/casino/?lp=fire-opals";"fire-opals";"2018-07-04 00:00";;"2018-07-04";"N/A";"1";"1";"Enabled";;"No"
"netbet.it";"Casino";"it-IT";"https://go.netbet.it/casino/?lp=fruitshop";"fruitshop";"2020-12-14 00:01";;"2020-12-14";"Emil Logofatu";"1";"1";"Enabled";;"No"
"netbet.it";"Casino";"it-IT";"https://go.netbet.it/casino/?lp=fun-bonus";"fun-bonus";"2018-07-27 00:00";;"2018-07-27";"Kamala";"1";"1";"Enabled";;"No"
"netbet.it";"Casino";"it-IT";"https://go.netbet.it/casino/?lp=gallina";"gallina";"2021-09-17 00:01";"2023-08-10 00:01";"2021-09-17";"Emil Logofatu";"1";"1";"Expired";"https://go.netbet.it/casino/?lp=gallina500";"No"
"netbet.it";"Casino";"it-IT";"https://go.netbet.it/casino/?lp=gallina500";"gallina500";"2023-06-05 00:00";;"2023-07-06";"Marian Iordache";"1";"1";"Enabled";;"No"
"netbet.it";"Casino";"it-IT";"https://go.netbet.it/casino/?lp=gazza200";"gazza200";"2022-12-01 00:00";;"2022-12-02";"Marian Iordache";"1";"1";"Enabled";;"No"
"netbet.it";"Sport";"it-IT";"https://go.netbet.it/sport/?lp=gazzetta";"gazzetta";"2022-11-11 00:01";;"2022-11-11";"Emil Logofatu";"1";"1";"Enabled";;"No"
"netbet.it";"Casino";"it-IT";"https://go.netbet.it/casino/?lp=gioca-mobile";"gioca-mobile";;"2018-03-14 00:00";"2016-06-30";"N/A";"1";"1";"Expired";"https://go.netbet.it/casino/";"No"
"netbet.it";"Casino";"it-IT";"https://go.netbet.it/casino/?lp=giochi200";"giochi200";"2023-02-23 00:01";;"2023-02-23";"Emil Logofatu";"1";"1";"Enabled";;"No"
"netbet.it";"Casino";"it";"https://go.netbet.it/casino/?lp=giochi200&lang=it";"giochi200";"2023-02-06 00:00";;"2023-02-24";"Marian Iordache";"1";"1";"Enabled";;"No"
"netbet.it";"Sport";"it-IT";"https://go.netbet.it/sport/?lp=gladia30";"gladia30";"2023-04-03 00:00";;"2023-04-04";"Marian Iordache";"1";"1";"Enabled";;"No"
"netbet.it";"Casino";"it-IT";"https://go.netbet.it/casino/?lp=gonzo";"gonzo";;"2020-12-14 00:01";"2016-06-30";"N/A";"1";"1";"Expired";"https://go.netbet.it/casino/";"No"
"netbet.it";"Casino";"it-IT";"https://go.netbet.it/casino/?lp=gonzo-new";"gonzo-new";"2020-12-14 00:01";;"2020-12-14";"Emil Logofatu";"1";"1";"Enabled";;"No"
"netbet.it";"Sport";"it-IT";"https://go.netbet.it/sport/?lp=guerrieri";"guerrieri";"2023-04-03 00:00";;"2023-04-04";"Marian Iordache";"1";"1";"Enabled";;"No"
"netbet.it";"Casino";"it-IT";"https://go.netbet.it/casino/?lp=GURU";"GURU";"2021-10-12 00:01";;"2021-10-12";"Emil Logofatu";"1";"1";"Enabled";;"No"
"netbet.it";"Casino";"it-IT";"https://go.netbet.it/casino/?lp=hello";"hello";"2023-12-13 00:01";;"2023-12-13";"Emil Logofatu";"1";"1";"Enabled";;"No"
"netbet.it";"Sports + Casino";"it-IT";"https://go.netbet.it/sports-casino/?lp=hybrid-offer";"hybrid-offer";"2016-09-19 00:00";"2018-06-01 00:00";"2016-09-19";"Nathi";"1";"1";"Expired";"https://go.netbet.it/sports-casino/";"No"
"netbet.it";"Sport";"it-IT";"https://go.netbet.it/sport/?lp=intcity";"intcity";"2023-05-29 00:01";;"2023-05-26";"Emil Logofatu";"1";"1";"Enabled";;"No"
"netbet.it";"Sport";"it-IT";"https://go.netbet.it/sport/?lp=intermilan";"intermilan";"2023-05-12 00:01";;"2023-05-12";"Emil Logofatu";"1";"1";"Enabled";;"No"
"netbet.it";"Sport";"it-IT";"https://go.netbet.it/sport/?lp=intmil";"intmil";"2023-09-13 00:01";;"2023-09-13";"Emil Logofatu";"1";"1";"Enabled";;"No"
"netbet.it";"Sport";"it-IT";"https://go.netbet.it/sport/?lp=intpor";"intpor";"2023-02-13 00:01";;"2023-02-13";"Emil Logofatu";"1";"1";"Enabled";;"No"
"netbet.it";"Sport";"it-IT";"https://go.netbet.it/sport/?lp=itaeng";"itaeng";"2023-03-11 01:00";;"2023-03-20";"Marian Iordache";"1";"1";"Enabled";;"No"
"netbet.it";"Sport";"it-IT";"https://go.netbet.it/sport/?lp=itamac";"itamac";"2023-09-04 00:01";;"2023-09-04";"Emil Logofatu";"1";"1";"Enabled";;"No"
"netbet.it";"Casino";"it-IT";"https://go.netbet.it/casino/?lp=java200";"java200";"2024-03-02 00:00";;"2024-03-08";"Marian Iordache";"1";"1";"Enabled";;"No"
"netbet.it";"Casino";"it-IT";"https://go.netbet.it/casino/?lp=joker-poker";"joker-poker";;;"2016-06-30";"N/A";"1";"1";"Enabled";;"No"
"netbet.it";"Sport";"it-IT";"https://go.netbet.it/sport/?lp=juvlaz";"juvlaz";"2023-09-13 00:01";;"2023-09-13";"Emil Logofatu";"1";"1";"Enabled";;"No"
"netbet.it";"Sport";"it-IT";"https://go.netbet.it/sport/?lp=juvsas";"juvsas";"2024-01-11 00:00";;"2024-01-12";"Marian Iordache";"1";"1";"Enabled";;"No"
"netbet.it";"Sport";"it-IT";"https://go.netbet.it/sport/?lp=juvtor";"juvtor";"2023-10-03 00:01";;"2023-10-03";"Emil Logofatu";"1";"1";"Enabled";;"No"
"netbet.it";"Sport";"it-IT";"https://go.netbet.it/sport/?lp=kingcorner";"kingcorner";"2023-11-08 00:01";;"2023-11-08";"Emil Logofatu";"1";"1";"Enabled";;"No"
"netbet.it";"Sport";"it-IT";"https://go.netbet.it/sport/?lp=lazint";"lazint";"2023-12-13 00:01";;"2023-12-13";"Emil Logofatu";"1";"1";"Enabled";;"No"
"netbet.it";"Sport";"it-IT";"https://go.netbet.it/sport/?lp=lazrom";"lazrom";"2023-11-08 00:01";;"2023-11-08";"Emil Logofatu";"1";"1";"Enabled";;"No"
"netbet.it";"Sport";"it-IT";"https://go.netbet.it/sport/?lp=lecnap";"lecnap";"2023-09-27 00:01";;"2023-09-27";"Emil Logofatu";"1";"1";"Enabled";;"No"
"netbet.it";"Sport";"it-IT";"https://go.netbet.it/sport/?lp=livars";"livars";"2023-04-03 00:04";;"2023-04-05";"Marian Iordache";"1";"1";"Enabled";;"No"
"netbet.it";"Live";"it-IT";"https://go.netbet.it/live/?lp=live-casino";"live-casino";"2016-10-19 09:00";;"2016-10-19";"Jack";"1";"1";"Enabled";;"No"
"netbet.it";"Sport";"it-IT";"https://go.netbet.it/sport/?lp=lucafamily";"lucafamily";"2023-12-08 00:01";;"2023-12-07";"Emil Logofatu";"1";"1";"Enabled";;"No"
"netbet.it";"Casino";"it-IT";"https://go.netbet.it/casino/?lp=maxbet";"maxbet";"2021-09-10 00:01";;"2021-09-10";"Emil Logofatu";"1";"1";"Enabled";;"No"
"netbet.it";"Casino";"it-IT";"https://go.netbet.it/casino/?lp=migliorbet";"migliorbet";"2021-11-12 00:01";;"2021-11-12";"Emil Logofatu";"1";"1";"Enabled";;"No"
"netbet.it";"Casino";"it-IT";"https://go.netbet.it/casino/?lp=mike500";"mike500";"2023-10-24 00:01";;"2023-10-24";"Emil Logofatu";"1";"1";"Enabled";;"No"
"netbet.it";"Sport";"it-IT";"https://go.netbet.it/sport/?lp=milata";"milata";"2023-02-20 00:01";;"2023-02-20";"Emil Logofatu";"1";"1";"Enabled";;"No"
"netbet.it";"Sport";"it-IT";"https://go.netbet.it/sport/?lp=milcre";"milcre";"2023-04-28 00:01";;"2023-04-28";"Emil Logofatu";"1";"1";"Enabled";;"No"
"netbet.it";"Sport";"it-IT";"https://go.netbet.it/sport/?lp=milfio";"milfio";"2023-11-21 00:01";;"2023-11-21";"Emil Logofatu";"1";"1";"Enabled";;"No"
"netbet.it";"Sport";"it-IT";"https://go.netbet.it/sport/?lp=mister";"mister";"2023-04-03 00:00";;"2023-04-04";"Marian Iordache";"1";"1";"Enabled";;"No"
"netbet.it";"Sport";"it-IT";"https://go.netbet.it/sport/?lp=mobile";"mobile";;"2018-06-28 00:00";"2016-06-30";"N/A";"1";"1";"Expired";"https://go.netbet.it/sport/?lp=bonus-benvenuto-2020";"No"
"netbet.it";"Sport";"it-IT";"https://go.netbet.it/sport/?lp=mobile-app";"mobile-app";;"2020-08-19 00:01";"2016-06-30";"N/A";"1";"1";"Expired";"https://go.netbet.it/sport/?lp=bonus-benvenuto-2020";"No"
"netbet.it";"Sport";"it-IT";"https://go.netbet.it/sport/?lp=mobile-offer";"mobile-offer";"2018-03-09 00:00";"2019-02-10 00:00";"2018-03-09";"N/A";"1";"1";"Expired";"https://go.netbet.it/sport/?lp=bonus-benvenuto-2020";"Yes"
"netbet.it";"Sport";"it-IT";"https://go.netbet.it/sport/?lp=multipla";"multipla";"2016-10-06 15:30";"2020-08-19 00:01";"2016-10-06";"Jack";"93";"79";"Expired";"https://go.netbet.it/sport/?lp=bonus-benvenuto-2020";"No"
"netbet.it";"Casino";"it-IT";"https://go.netbet.it/casino/?lp=mustang";"mustang";"2020-03-30 00:00";;"2020-03-30";"Cristian Pasca";"1";"1";"Enabled";;"No"
"netbet.it";"Sport";"it-IT";"https://go.netbet.it/sport/?lp=napfio";"napfio";"2024-01-15 00:01";;"2024-01-15";"Emil Logofatu";"1";"1";"Enabled";;"No"
"netbet.it";"Sport";"it-IT";"https://go.netbet.it/sport/?lp=napfra";"napfra";"2023-02-23 00:01";;"2023-02-23";"Emil Logofatu";"1";"1";"Enabled";;"No"
"netbet.it";"Sport";"it-IT";"https://go.netbet.it/sport/?lp=napint";"napint";"2023-05-16 05:01";;"2023-05-17";"Marian Iordache";"1";"1";"Enabled";;"No"
"netbet.it";"Sport";"it-IT";"https://go.netbet.it/sport/?lp=naplaz";"naplaz";"2023-02-27 00:01";;"2023-02-27";"Emil Logofatu";"1";"1";"Enabled";;"No"
"netbet.it";"Casino";"it-IT";"https://go.netbet.it/casino/?lp=nb200";"nb200";"2022-11-15 07:01";;"2022-11-21";"Marian Iordache";"1";"1";"Enabled";;"No"
"netbet.it";"Casino";"it-IT";"https://go.netbet.it/casino/?lp=nb300";"nb300";"2023-12-13 00:01";;"2023-12-13";"Emil Logofatu";"1";"1";"Enabled";;"No"
"netbet.it";"Casino";"it-IT";"https://go.netbet.it/casino/?lp=nb500";"nb500";"2022-11-17 05:03";;"2022-11-21";"Marian Iordache";"1";"1";"Enabled";;"No"
"netbet.it";"Sport";"it-IT";"https://go.netbet.it/sport/?lp=nbafin23";"nbafin23";"2023-06-01 07:59";;"2023-06-02";"Marian Iordache";"1";"1";"Enabled";;"No"
"netbet.it";"Casino";"it-IT";"https://go.netbet.it/casino/?lp=nbfree200";"nbfree200";"2024-03-01 00:00";;"2024-03-04";"Marian Iordache";"1";"1";"Enabled";;"No"
"netbet.it";"Sport";"it-IT";"https://go.netbet.it/sport/?lp=nbmecc";"nbmecc";"2024-04-16 00:00";;"2024-04-16";"Marian Iordache";"1";"1";"Enabled";;"No"
"netbet.it";"Sport";"it-IT";"https://go.netbet.it/sport/?lp=nbpengwin";"nbpengwin";"2023-10-04 00:01";;"2023-10-04";"Emil Logofatu";"1";"1";"Enabled";;"No"
"netbet.it";"Sport";"it-IT";"https://go.netbet.it/sport/?lp=netbetfree";"netbetfree";"2024-01-30 00:01";;"2024-01-30";"Emil Logofatu";"1";"1";"Enabled";;"No"
"netbet.it";"Casino";"it-IT";"https://go.netbet.it/casino/?lp=netbonanza";"netbonanza";"2023-10-03 00:01";;"2023-10-03";"Emil Logofatu";"1";"1";"Enabled";;"No"
"netbet.it";"Casino";"it-IT";"https://go.netbet.it/casino/?lp=netcas";"netcas";"2023-02-04 00:00";;"2024-02-27";"Marian Iordache";"1";"1";"Enabled";;"No"
"netbet.it";"Casino";"it-IT";"https://go.netbet.it/casino/?lp=netcasino";"netcasino";"2023-07-18 03:01";;"2023-07-26";"Marian Iordache";"1";"1";"Enabled";;"No"
"netbet.it";"Casino";"it-IT";"https://go.netbet.it/casino/?lp=netgoal";"netgoal";"2023-06-19 00:00";;"2023-06-20";"Marian Iordache";"1";"1";"Enabled";;"No"
"netbet.it";"Casino";"it-IT";"https://go.netbet.it/casino/?lp=netmax";"netmax";"2022-02-22 00:01";;"2022-02-22";"Emil Logofatu";"1";"1";"Enabled";;"No"
"netbet.it";"Casino";"it-IT";"https://go.netbet.it/casino/?lp=ninja-chef";"ninja-chef";;;"2016-06-30";"N/A";"1";"1";"Enabled";;"No"
"netbet.it";"Casino";"it-IT";"https://go.netbet.it/casino/?lp=nuove_slots_esclusiva";"nuove_slots_esclusiva";;;"2016-06-30";"N/A";"1";"1";"Enabled";;"No"
"netbet.it";"Casino";"it-IT";"https://go.netbet.it/casino/?lp=offerta-esclusiva";"offerta-esclusiva";"2018-03-09 00:00";"2018-06-01 00:00";"2018-03-09";"N/A";"1";"1";"Expired";"https://go.netbet.it/casino/";"No"
"netbet.it";"Casino";"it-IT";"https://go.netbet.it/casino/?lp=offerta-esclusiva-affiliate-bonus";"offerta-esclusiva-affiliate-bonus";"2018-05-16 16:00";"2018-12-03 00:00";"2018-05-16";"N/A";"1";"1";"Expired";"https://go.netbet.it/casino/";"No"
"netbet.it";"Casino";"it-IT";"https://go.netbet.it/casino/?lp=offerta-esclusiva-GDS";"offerta-esclusiva-GDS";;"2018-01-01 00:00";"2016-06-30";"N/A";"1";"1";"Expired";"https://go.netbet.it/casino/";"No"
"netbet.it";"Casino";"it-IT";"https://go.netbet.it/casino/?lp=offerta-esclusiva-italcas";"offerta-esclusiva-italcas";;"2018-06-01 00:00";"2016-06-30";"N/A";"1";"1";"Expired";"https://go.netbet.it/casino/";"No"
"netbet.it";"Casino";"it-IT";"https://go.netbet.it/casino/?lp=offerta-esclusiva-OC";"offerta-esclusiva-OC";"2017-06-20 00:00";"2018-06-01 00:00";"2017-06-20";"Nathi";"1";"1";"Expired";"https://go.netbet.it/casino/";"No"
"netbet.it";"Casino";"it-IT";"https://go.netbet.it/casino/?lp=offerta-esclusiva-slotwin";"offerta-esclusiva-slotwin";"2017-06-06 00:00";"2018-06-01 00:00";"2017-06-06";"Nathi";"80";"90";"Expired";"https://go.netbet.it/casino/";"No"
"netbet.it";"Casino";"it-IT";"https://go.netbet.it/casino/?lp=offerta-esclusiva-smg20";"offerta-esclusiva-smg20";;"2018-06-01 00:00";"2016-06-30";"N/A";"1";"1";"Expired";"https://go.netbet.it/casino/";"No"
"netbet.it";"Casino";"it-IT";"https://go.netbet.it/casino/?lp=offerta-esclusiva-XCasino";"offerta-esclusiva-XCasino";;"2018-06-01 00:00";"2016-06-30";"N/A";"1";"1";"Expired";"https://go.netbet.it/casino/";"No"
"netbet.it";"Casino";"it-IT";"https://go.netbet.it/casino/?lp=offerta_speciale";"offerta_speciale";;"2018-06-02 11:00";"2016-06-30";"N/A";"1";"1";"Expired";"https://go.netbet.it/casino/";"No"
"netbet.it";"Sport";"it-IT";"https://go.netbet.it/sport/?lp=pengwin";"pengwin";"2023-08-29 00:01";;"2023-08-29";"Emil Logofatu";"1";"1";"Enabled";;"No"
"netbet.it";"Casino";"it-IT";"https://go.netbet.it/casino/?lp=piggy-riches";"piggy-riches";;;"2016-06-30";"N/A";"1";"1";"Enabled";;"No"
"netbet.it";"Sport";"it-IT";"https://go.netbet.it/sport/?lp=portogallo";"portogallo";"2022-12-07 00:01";"2022-12-12 00:01";"2022-12-07";"Emil Logofatu";"1";"1";"Expired";"https://go.netbet.it/sport/";"No"
"netbet.it";"Casino";"it-IT";"https://go.netbet.it/casino/?lp=pro10";"pro10";"2021-10-12 00:01";;"2021-10-12";"Emil Logofatu";"1";"1";"Enabled";;"No"
"netbet.it";"Sport";"it-IT";"https://go.netbet.it/sport/?lp=psgmil";"psgmil";"2023-10-18 00:01";;"2023-10-17";"Emil Logofatu";"1";"1";"Enabled";;"No"
"netbet.it";"Casino";"it-IT";"https://go.netbet.it/casino/?lp=rango";"rango";;;"2016-06-30";"N/A";"1";"1";"Enabled";;"No"
"netbet.it";"Sport";"it-IT";"https://go.netbet.it/sport/?lp=realcity";"realcity";"2023-05-05 00:01";;"2023-05-05";"Emil Logofatu";"1";"1";"Enabled";;"No"
"netbet.it";"Sport";"it-IT";"https://go.netbet.it/sport/?lp=realip";"realip";"2024-02-15 00:00";;"2024-03-01";"Marian Iordache";"1";"1";"Enabled";;"No"
"netbet.it";"Sport";"it-IT";"https://go.netbet.it/sport/?lp=reanap";"reanap";"2023-11-21 00:01";;"2023-11-21";"Emil Logofatu";"1";"1";"Enabled";;"No"
"netbet.it";"Sport";"it-IT";"https://go.netbet.it/sport/?lp=romata";"romata";"2024-01-03 00:00";;"2024-01-04";"Marian Iordache";"1";"1";"Enabled";;"No"
"netbet.it";"Sport";"it-IT";"https://go.netbet.it/sport/?lp=romfio";"romfio";"2023-12-05 00:01";;"2023-12-05";"Emil Logofatu";"1";"1";"Enabled";;"No"
"netbet.it";"Sport";"it-IT";"https://go.netbet.it/sport/?lp=romlec";"romlec";"2023-10-31 00:01";;"2023-10-31";"Emil Logofatu";"1";"1";"Enabled";;"No"
"netbet.it";"Sport";"it-IT";"https://go.netbet.it/sport/?lp=romver";"romver";"2023-02-13 00:01";;"2023-02-13";"Emil Logofatu";"1";"1";"Enabled";;"No"
"netbet.it";"Casino";"it-IT";"https://go.netbet.it/casino/?lp=royal-cash";"royal-cash";;;"2016-06-30";"N/A";"1";"1";"Enabled";;"No"
"netbet.it";"Casino";"it-IT";"https://go.netbet.it/casino/?lp=scombet";"scombet";"2021-11-12 00:01";;"2021-11-12";"Emil Logofatu";"1";"1";"Enabled";;"No"
"netbet.it";"Sport";"it-IT";"https://go.netbet.it/sport/?lp=semifinale";"semifinale";"2022-12-12 00:01";;"2022-12-12";"Emil Logofatu";"1";"1";"Enabled";;"No"
"netbet.it";"Sport";"it-IT";"https://go.netbet.it/sport/?lp=sinwell";"sinwell";"2023-03-09 00:01";;"2023-03-09";"Emil Logofatu";"1";"1";"Enabled";;"No"
"netbet.it";"Casino";"it-IT";"https://go.netbet.it/casino/?lp=slot2021";"slot2021";"2021-09-07 00:01";"2023-08-10 00:01";"2021-09-07";"Alex Constantinescu";"1";"1";"Expired";"https://go.netbet.it/casino/?lp=nb200";"No"
"netbet.it";"Casino";"it-IT";"https://go.netbet.it/casino/?lp=slot2022";"slot2022";"2022-02-07 00:01";"2023-08-10 00:01";"2022-02-07";"Emil Logofatu";"1";"1";"Expired";"https://go.netbet.it/casino/?lp=nb200";"No"
"netbet.it";"Casino";"it-IT";"https://go.netbet.it/casino/?lp=social-egt-it";"social-egt-it";"2020-06-24 00:00";;"2020-06-24";"Cristian Pasca";"1";"1";"Enabled";;"No"
"netbet.it";"Casino";"it-IT";"https://go.netbet.it/casino/?lp=sp500";"sp500";"2023-11-01 00:01";;"2023-11-01";"Emil Logofatu";"1";"1";"Enabled";;"No"
"netbet.it";"Casino";"it-IT";"https://go.netbet.it/casino/?lp=special10";"special10";"2022-04-28 00:01";;"2022-04-28";"Emil Logofatu";"1";"1";"Enabled";;"No"
"netbet.it";"Casino";"it-IT";"https://go.netbet.it/casino/?lp=spin-now";"spin-now";"2016-07-29 00:00";"2018-06-01 00:00";"2016-07-29";"Nathi";"1";"1";"Expired";"https://go.netbet.it/casino/";"No"
"netbet.it";"Sport";"it-IT";"https://go.netbet.it/sport/?lp=sport-italia";"sport-italia";"2017-06-03 19:45";"2018-07-16 00:00";"2016-08-25";"N/A";"1";"1";"Expired";"https://go.netbet.it/sport/?lp=bonus-benvenuto-2020";"No"
"netbet.it";"Sport";"it-IT";"https://go.netbet.it/sport/?lp=sport-promo-2018";"sport-promo-2018";"2018-06-05 00:00";"2018-06-09 01:00";"2018-06-05";"N/A";"1";"1";"Expired";"https://go.netbet.it/sport/?lp=bonus-benvenuto-2020";"No"
"netbet.it";"Sport";"it-IT";"https://go.netbet.it/sport/?lp=sport100";"sport100";"2024-02-12 00:00";;"2024-02-13";"Marian Iordache";"1";"1";"Enabled";;"No"
"netbet.it";"Sport";"it-IT";"https://go.netbet.it/sport/?lp=sportvip";"sportvip";"2024-03-21 00:00";;"2024-03-21";"Marian Iordache";"1";"1";"Enabled";;"No"
"netbet.it";"Casino";"it-IT";"https://go.netbet.it/casino/?lp=star-trek";"star-trek";;;"2016-06-30";"N/A";"1";"1";"Enabled";;"No"
"netbet.it";"Casino";"it-IT";"https://go.netbet.it/casino/?lp=starburst";"starburst";;;"2016-06-30";"N/A";"1";"1";"Enabled";;"No"
"netbet.it";"Casino";"it-IT";"https://go.netbet.it/casino/?lp=starburst-slots";"starburst-slots";;;"2016-06-30";"N/A";"1";"1";"Enabled";;"No"
"netbet.it";"Casino";"it-IT";"https://go.netbet.it/casino/?lp=starburst_nuove";"starburst_nuove";"2016-08-04 00:00";;"2016-08-04";"Jack";"1";"1";"Enabled";;"No"
"netbet.it";"Sport";"it-IT";"https://go.netbet.it/sport/?lp=supercup";"supercup";"2023-07-17 00:00";;"2023-07-18";"Marian Iordache";"1";"1";"Enabled";;"No"
"netbet.it";"Casino";"it-IT";"https://go.netbet.it/casino/?lp=supernb";"supernb";"2021-11-26 00:01";;"2021-11-26";"Emil Logofatu";"1";"1";"Enabled";;"No"
"netbet.it";"Sport";"it-IT";"https://go.netbet.it/sport/?lp=tennis";"tennis";"2023-03-07 00:01";;"2023-03-07";"Emil Logofatu";"1";"1";"Enabled";;"No"
"netbet.it";"Sport";"it-IT";"https://go.netbet.it/sport/?lp=tennis-man";"tennis-man";;"2018-01-01 00:00";"2016-06-30";"N/A";"90";"80";"Expired";"https://go.netbet.it/sport/?lp=bonus-benvenuto-2020";"No"
"netbet.it";"Casino";"it-IT";"https://go.netbet.it/casino/?lp=time200";"time200";"2023-07-19 00:01";;"2023-07-19";"Emil Logofatu";"1";"1";"Enabled";;"No"
"netbet.it";"Casino";"it-IT";"https://go.netbet.it/casino/?lp=time2play";"time2play";"2021-11-26 00:01";;"2021-11-26";"Emil Logofatu";"1";"1";"Enabled";;"No"
"netbet.it";"Casino";"it-IT";"https://go.netbet.it/casino/?lp=tony200";"tony200";"2023-03-03 00:01";;"2023-03-03";"Emil Logofatu";"1";"1";"Enabled";;"No"
"netbet.it";"Casino";"it-IT";"https://go.netbet.it/casino/?lp=tony300";"tony300";"2023-07-17 09:08";;"2023-07-18";"Marian Iordache";"1";"1";"Enabled";;"No"
"netbet.it";"Sport";"it-IT";"https://go.netbet.it/sport/?lp=torint";"torint";"2023-10-18 00:01";;"2023-10-17";"Emil Logofatu";"1";"1";"Enabled";;"No"
"netbet.it";"Sport";"it-IT";"https://go.netbet.it/sport/?lp=tunfra";"tunfra";"2022-11-23 00:01";;"2022-11-23";"Emil Logofatu";"1";"1";"Enabled";;"No"
"netbet.it";"Sport";"it-IT";"https://go.netbet.it/sport/?lp=tv-lander";"tv-lander";"2016-12-16 09:00";"2020-08-19 00:01";"2016-12-16";"Jack";"93";"79";"Expired";"https://go.netbet.it/sport/?lp=bonus-benvenuto-2020";"No"
"netbet.it";"Casino";"it-IT";"https://go.netbet.it/casino/?lp=twin-spins";"twin-spins";;;"2016-06-30";"N/A";"1";"1";"Enabled";;"No"
"netbet.it";"Casino";"it-IT";"https://go.netbet.it/casino/?lp=twinmegaways";"twinmegaways";"2020-12-14 00:01";;"2020-12-14";"Emil Logofatu";"1";"1";"Enabled";;"No"
"netbet.it";"Casino";"it-IT";"https://go.netbet.it/casino/?lp=upsell";"upsell";"2018-01-21 00:00";"2018-03-14 00:00";"2018-01-22";"N/A";"80";"90";"Expired";"https://go.netbet.it/casino/";"No"
"netbet.it";"Sports + Casino";"it-IT";"https://go.netbet.it/sports-casino/?lp=upsell";"upsell";"2016-10-14 09:00";;"2016-10-14";"Nathi";"97";"84";"Enabled";;"No"
"netbet.it";"Sport";"it-IT";"https://go.netbet.it/sport/?lp=versnb";"versnb";"2023-07-17 00:00";;"2023-07-24";"Marian Iordache";"1";"1";"Enabled";;"No"
"netbet.it";"Casino";"it-IT";"https://go.netbet.it/casino/?lp=vip200";"vip200";"2023-02-23 00:00";;"2023-02-24";"Marian Iordache";"1";"1";"Enabled";;"No"
"netbet.it";"Casino";"it-IT";"https://go.netbet.it/casino/?lp=vipmaxit";"vipmaxit";"2021-09-10 00:01";;"2021-09-10";"Emil Logofatu";"1";"1";"Enabled";;"No"
"netbet.it";"Casino";"it-IT";"https://go.netbet.it/casino/?lp=vsm";"vsm";"2021-09-17 00:01";;"2021-09-17";"Emil Logofatu";"1";"1";"Enabled";;"No"
"netbet.it";"Casino";"it-IT";"https://go.netbet.it/casino/?lp=vsm500";"vsm500";"2023-06-05 00:00";;"2023-07-06";"Marian Iordache";"1";"1";"Enabled";;"No"
"netbet.it";"Sport";"it-IT";"https://go.netbet.it/sport/?lp=welcome-offer-2018";"welcome-offer-2018";"2018-07-16 00:00";"2020-08-19 00:01";"2018-07-13";"Kamala";"1";"1";"Expired";"https://go.netbet.it/sport/?lp=bonus-benvenuto-2020";"No"
"netbet.it";"Casino";"it-IT";"https://go.netbet.it/casino/?lp=welcome-offer-2018";"welcome-offer-2018";"2018-12-03 00:00";;"2018-12-03";"Sarder";"1";"1";"Enabled";;"No"
"netbet.it";"Sport";"it-IT";"https://go.netbet.it/sport/?lp=welcome-offer-2018-new";"welcome-offer-2018-new";"2019-02-01 00:00";"2020-08-19 00:01";"2019-02-04";"Sarder";"1";"1";"Expired";"https://go.netbet.it/sport/?lp=bonus-benvenuto-2020";"No"
"netbet.it";"Sport";"it-IT";"https://go.netbet.it/sport/?lp=welcome100";"welcome100";"2017-09-22 00:00";"2020-08-19 00:01";"2017-09-22";"N/A";"90";"80";"Expired";"https://go.netbet.it/sport/?lp=bonus-benvenuto-2020";"No"
"netbet.it";"Casino";"it-IT";"https://go.netbet.it/casino/?lp=wild-wolf";"wild-wolf";"2018-07-04 00:00";;"2018-07-04";"N/A";"1";"1";"Enabled";;"No"
